"INFORMATION TYPE","DATE","PERIOD","WEP ($/MWh)","USEP ($/MWh)","AFP ($/MWh)","HEUR ($/MWh)","HLCU ($/MWh)","MEUC ($/MWh)","EMC Price Cap Fees ($/MWh)","EMC Price Adj Fees ($/MWh)","PSO Fees ($/MWh)"
"WEP","01-Nov-2025","1","111.91","109.82","0.11","-1.070","0.00","2.25","0.3711","0.0299","0.3956"
"WEP","01-Nov-2025","2","109.00","106.80","0.06","-0.900","0.00","2.25","0.3711","0.0299","0.3956"
"WEP","01-Nov-2025","3","111.95","109.81","0.05","-0.960","0.00","2.25","0.3711","0.0299","0.3956"
"WEP","01-Nov-2025","4","105.87","103.31","0.05","-0.540","0.00","2.25","0.3711","0.0299","0.3956"
"WEP","01-Nov-2025","5","103.06","100.62","0.05","-0.650","0.00","2.25","0.3711","0.0299","0.3956"
"WEP","01-Nov-2025","6","102.76","100.56","0.05","-0.890","0.00","2.25","0.3711","0.0299","0.3956"
"WEP","01-Nov-2025","7","100.22","97.92","0.05","-0.790","0.00","2.25","0.3711","0.0299","0.3956"
"WEP","01-Nov-2025","8","100.09","97.91","0.05","-0.920","0.00","2.25","0.3711","0.0299","0.3956"
"WEP","01-Nov-2025","9","100.20","97.91","0.05","-0.810","0.00","2.25","0.3711","0.0299","0.3956"
"WEP","01-Nov-2025","10","100.97","98.70","0.05","-0.830","0.00","2.25","0.3711","0.0299","0.3956"
"WEP","01-Nov-2025","11","102.98","100.52","0.06","-0.650","0.00","2.25","0.3711","0.0299","0.3956"
"WEP","01-Nov-2025","12","103.29","100.72","0.13","-0.610","0.00","2.25","0.3711","0.0299","0.3956"
"WEP","01-Nov-2025","13","103.61","101.27","0.16","-0.870","0.00","2.25","0.3711","0.0299","0.3956"
"WEP","01-Nov-2025","14","103.97","101.79","0.18","-1.050","0.00","2.25","0.3711","0.0299","0.3956"
"WEP","01-Nov-2025","15","113.76","111.56","0.22","-1.060","0.00","2.25","0.3711","0.0299","0.3956"
"WEP","01-Nov-2025","16","121.52","118.90","0.21","-0.640","0.00","2.25","0.3711","0.0299","0.3956"
"WEP","01-Nov-2025","17","120.57","117.60","0.19","-0.260","0.00","2.25","0.3711","0.0299","0.3956"
"WEP","01-Nov-2025","18","109.77","106.76","0.20","-0.230","0.00","2.25","0.3711","0.0299","0.3956"
"WEP","01-Nov-2025","19","100.26","97.41","0.15","-0.350","0.00","2.25","0.3711","0.0299","0.3956"
"WEP","01-Nov-2025","20","96.24","93.55","0.15","-0.500","0.00","2.25","0.3711","0.0299","0.3956"
"WEP","01-Nov-2025","21","92.39","90.06","0.12","-0.830","0.00","2.25","0.3711","0.0299","0.3956"
"WEP","01-Nov-2025","22","92.31","90.07","0.12","-0.930","0.00","2.25","0.3711","0.0299","0.3956"
"WEP","01-Nov-2025","23","88.35","86.49","0.11","-1.290","0.00","2.25","0.3711","0.0299","0.3956"
"WEP","01-Nov-2025","24","85.67","83.94","0.11","-1.420","0.00","2.25","0.3711","0.0299","0.3956"
"WEP","01-Nov-2025","25","85.36","83.84","0.13","-1.650","0.00","2.25","0.3711","0.0299","0.3956"
"WEP","01-Nov-2025","26","85.45","83.85","0.14","-1.590","0.00","2.25","0.3711","0.0299","0.3956"
"WEP","01-Nov-2025","27","85.39","83.74","0.13","-1.530","0.00","2.25","0.3711","0.0299","0.3956"
"WEP","01-Nov-2025","28","84.82","83.51","0.12","-1.860","0.00","2.25","0.3711","0.0299","0.3956"
"WEP","01-Nov-2025","29","85.04","83.84","0.11","-1.950","0.00","2.25","0.3711","0.0299","0.3956"
"WEP","01-Nov-2025","30","85.22","83.97","0.10","-1.900","0.00","2.25","0.3711","0.0299","0.3956"
"WEP","01-Nov-2025","31","87.63","86.51","0.11","-2.030","0.00","2.25","0.3711","0.0299","0.3956"
"WEP","01-Nov-2025","32","90.65","90.08","0.13","-2.610","0.00","2.25","0.3711","0.0299","0.3956"
"WEP","01-Nov-2025","33","94.63","93.56","0.12","-2.100","0.00","2.25","0.3711","0.0299","0.3956"
"WEP","01-Nov-2025","34","98.49","97.47","0.14","-2.170","0.00","2.25","0.3711","0.0299","0.3956"
"WEP","01-Nov-2025","35","101.18","99.97","0.34","-2.180","0.00","2.25","0.3711","0.0299","0.3956"
"WEP","01-Nov-2025","36","108.41","106.76","0.18","-1.570","0.00","2.25","0.3711","0.0299","0.3956"
"WEP","01-Nov-2025","37","111.53","109.81","0.20","-1.530","0.00","2.25","0.3711","0.0299","0.3956"
"WEP","01-Nov-2025","38","111.83","109.82","0.34","-1.370","0.00","2.25","0.3711","0.0299","0.3956"
"WEP","01-Nov-2025","39","201.85","201.59","1.22","-4.010","0.00","2.25","0.3711","0.0299","0.3956"
"WEP","01-Nov-2025","40","112.07","110.09","0.33","-1.400","0.00","2.25","0.3711","0.0299","0.3956"
"WEP","01-Nov-2025","41","208.29","208.98","0.89","-4.630","0.00","2.25","0.3711","0.0299","0.3956"
"WEP","01-Nov-2025","42","238.73","238.69","1.32","-4.330","0.00","2.25","0.3711","0.0299","0.3956"
"WEP","01-Nov-2025","43","209.60","208.73","1.15","-3.330","0.00","2.25","0.3711","0.0299","0.3956"
"WEP","01-Nov-2025","44","192.27","192.12","0.64","-3.540","0.00","2.25","0.3711","0.0299","0.3956"
"WEP","01-Nov-2025","45","201.44","201.08","0.30","-2.980","0.00","2.25","0.3711","0.0299","0.3956"
"WEP","01-Nov-2025","46","190.75","190.00","0.16","-2.460","0.00","2.25","0.3711","0.0299","0.3956"
"WEP","01-Nov-2025","47","143.58","141.90","0.28","-1.640","0.00","2.25","0.3711","0.0299","0.3956"
"WEP","01-Nov-2025","48","129.53","128.28","0.12","-1.920","0.00","2.25","0.3711","0.0299","0.3956"
"WEP","02-Nov-2025","1","204.24","204.18","0.11","-3.110","0.00","2.25","0.3711","0.0307","0.4062"
"WEP","02-Nov-2025","2","206.00","205.19","0.11","-2.360","0.00","2.25","0.3711","0.0307","0.4062"
"WEP","02-Nov-2025","3","141.25","139.12","0.07","-0.990","0.00","2.25","0.3711","0.0307","0.4062"
"WEP","02-Nov-2025","4","132.25","129.64","0.05","-0.500","0.00","2.25","0.3711","0.0307","0.4062"
"WEP","02-Nov-2025","5","121.30","118.44","0.05","-0.250","0.00","2.25","0.3711","0.0307","0.4062"
"WEP","02-Nov-2025","6","129.88","126.72","0.05","0.050","0.00","2.25","0.3711","0.0307","0.4062"
"WEP","02-Nov-2025","7","114.13","111.22","0.05","-0.200","0.00","2.25","0.3711","0.0307","0.4062"
"WEP","02-Nov-2025","8","110.23","107.22","0.05","-0.100","0.00","2.25","0.3711","0.0307","0.4062"
"WEP","02-Nov-2025","9","110.11","106.97","0.05","0.040","0.00","2.25","0.3711","0.0307","0.4062"
"WEP","02-Nov-2025","10","110.37","106.97","0.05","0.290","0.00","2.25","0.3711","0.0307","0.4062"
"WEP","02-Nov-2025","11","110.25","106.97","0.06","0.160","0.00","2.25","0.3711","0.0307","0.4062"
"WEP","02-Nov-2025","12","129.92","126.71","0.11","0.040","0.00","2.25","0.3711","0.0307","0.4062"
"WEP","02-Nov-2025","13","130.08","126.71","0.15","0.160","0.00","2.25","0.3711","0.0307","0.4062"
"WEP","02-Nov-2025","14","112.67","109.54","0.18","-0.110","0.00","2.25","0.3711","0.0307","0.4062"
"WEP","02-Nov-2025","15","103.92","100.64","0.20","0.020","0.00","2.25","0.3711","0.0307","0.4062"
"WEP","02-Nov-2025","16","104.14","100.68","0.20","0.200","0.00","2.25","0.3711","0.0307","0.4062"
"WEP","02-Nov-2025","17","101.37","98.00","0.19","0.120","0.00","2.25","0.3711","0.0307","0.4062"
"WEP","02-Nov-2025","18","100.68","97.03","0.19","0.400","0.00","2.25","0.3711","0.0307","0.4062"
"WEP","02-Nov-2025","19","93.03","90.01","0.16","-0.200","0.00","2.25","0.3711","0.0307","0.4062"
"WEP","02-Nov-2025","20","91.99","89.31","0.16","-0.530","0.00","2.25","0.3711","0.0307","0.4062"
"WEP","02-Nov-2025","21","86.70","83.94","0.14","-0.440","0.00","2.25","0.3711","0.0307","0.4062"
"WEP","02-Nov-2025","22","91.58","88.71","0.13","-0.320","0.00","2.25","0.3711","0.0307","0.4062"
"WEP","02-Nov-2025","23","83.73","81.61","0.13","-1.070","0.00","2.25","0.3711","0.0307","0.4062"
"WEP","02-Nov-2025","24","78.31","77.31","0.12","-2.180","0.00","2.25","0.3711","0.0307","0.4062"
"WEP","02-Nov-2025","25","89.85","88.68","0.14","-2.020","0.00","2.25","0.3711","0.0307","0.4062"
"WEP","02-Nov-2025","26","91.27","88.78","0.14","-0.700","0.00","2.25","0.3711","0.0307","0.4062"
"WEP","02-Nov-2025","27","80.50","79.37","0.14","-2.070","0.00","2.25","0.3711","0.0307","0.4062"
"WEP","02-Nov-2025","28","84.67","83.86","0.13","-2.380","0.00","2.25","0.3711","0.0307","0.4062"
"WEP","02-Nov-2025","29","90.96","89.31","0.12","-1.530","0.00","2.25","0.3711","0.0307","0.4062"
"WEP","02-Nov-2025","30","90.50","89.97","0.11","-2.640","0.00","2.25","0.3711","0.0307","0.4062"
"WEP","02-Nov-2025","31","97.70","97.06","0.12","-2.540","0.00","2.25","0.3711","0.0307","0.4062"
"WEP","02-Nov-2025","32","171.19","170.11","0.15","-2.130","0.00","2.25","0.3711","0.0307","0.4062"
"WEP","02-Nov-2025","33","202.82","200.96","0.21","-1.410","0.00","2.25","0.3711","0.0307","0.4062"
"WEP","02-Nov-2025","34","186.31","182.73","0.16","0.360","0.00","2.25","0.3711","0.0307","0.4062"
"WEP","02-Nov-2025","35","118.97","115.55","0.49","-0.130","0.00","2.25","0.3711","0.0307","0.4062"
"WEP","02-Nov-2025","36","150.34","147.05","0.33","-0.100","0.00","2.25","0.3711","0.0307","0.4062"
"WEP","02-Nov-2025","37","150.40","147.09","0.35","-0.100","0.00","2.25","0.3711","0.0307","0.4062"
"WEP","02-Nov-2025","38","150.44","147.20","0.70","-0.520","0.00","2.25","0.3711","0.0307","0.4062"
"WEP","02-Nov-2025","39","149.77","147.14","0.88","-1.300","0.00","2.25","0.3711","0.0307","0.4062"
"WEP","02-Nov-2025","40","180.30","177.74","1.10","-1.600","0.00","2.25","0.3711","0.0307","0.4062"
"WEP","02-Nov-2025","41","176.83","174.37","0.93","-1.530","0.00","2.25","0.3711","0.0307","0.4062"
"WEP","02-Nov-2025","42","174.02","170.75","0.89","-0.680","0.00","2.25","0.3711","0.0307","0.4062"
"WEP","02-Nov-2025","43","179.60","176.55","0.98","-0.990","0.00","2.25","0.3711","0.0307","0.4062"
"WEP","02-Nov-2025","44","149.44","147.27","0.54","-1.430","0.00","2.25","0.3711","0.0307","0.4062"
"WEP","02-Nov-2025","45","157.71","154.90","0.44","-0.690","0.00","2.25","0.3711","0.0307","0.4062"
"WEP","02-Nov-2025","46","144.97","141.99","0.28","-0.350","0.00","2.25","0.3711","0.0307","0.4062"
"WEP","02-Nov-2025","47","137.66","134.36","0.18","0.060","0.00","2.25","0.3711","0.0307","0.4062"
"WEP","02-Nov-2025","48","138.87","135.19","0.13","0.490","0.00","2.25","0.3711","0.0307","0.4062"
"WEP","03-Nov-2025","1","172.45","168.15","0.13","1.120","0.00","2.25","0.3711","0.0297","0.3929"
"WEP","03-Nov-2025","2","101.90","97.23","0.11","1.520","0.00","2.25","0.3711","0.0297","0.3929"
"WEP","03-Nov-2025","3","97.18","92.72","0.07","1.340","0.00","2.25","0.3711","0.0297","0.3929"
"WEP","03-Nov-2025","4","114.64","111.24","0.05","0.310","0.00","2.25","0.3711","0.0297","0.3929"
"WEP","03-Nov-2025","5","104.20","100.52","0.06","0.580","0.00","2.25","0.3711","0.0297","0.3929"
"WEP","03-Nov-2025","6","102.28","98.55","0.05","0.640","0.00","2.25","0.3711","0.0297","0.3929"
"WEP","03-Nov-2025","7","101.58","97.68","0.05","0.800","0.00","2.25","0.3711","0.0297","0.3929"
"WEP","03-Nov-2025","8","100.81","97.32","0.05","0.390","0.00","2.25","0.3711","0.0297","0.3929"
"WEP","03-Nov-2025","9","100.27","97.21","0.05","-0.040","0.00","2.25","0.3711","0.0297","0.3929"
"WEP","03-Nov-2025","10","101.56","98.47","0.05","0.000","0.00","2.25","0.3711","0.0297","0.3929"
"WEP","03-Nov-2025","11","104.00","100.51","0.06","0.390","0.00","2.25","0.3711","0.0297","0.3929"
"WEP","03-Nov-2025","12","94.33","89.92","0.13","1.240","0.00","2.25","0.3711","0.0297","0.3929"
"WEP","03-Nov-2025","13","93.78","90.06","0.26","0.420","0.00","2.25","0.3711","0.0297","0.3929"
"WEP","03-Nov-2025","14","112.39","109.48","0.36","-0.500","0.00","2.25","0.3711","0.0297","0.3929"
"WEP","03-Nov-2025","15","115.20","111.62","0.51","0.030","0.00","2.25","0.3711","0.0297","0.3929"
"WEP","03-Nov-2025","16","158.60","154.92","0.56","0.080","0.00","2.25","0.3711","0.0297","0.3929"
"WEP","03-Nov-2025","17","159.06","155.52","0.74","-0.250","0.00","2.25","0.3711","0.0297","0.3929"
"WEP","03-Nov-2025","18","148.78","144.31","0.83","0.600","0.00","2.25","0.3711","0.0297","0.3929"
"WEP","03-Nov-2025","19","100.04","97.33","0.30","-0.630","0.00","2.25","0.3711","0.0297","0.3929"
"WEP","03-Nov-2025","20","100.18","97.38","0.30","-0.550","0.00","2.25","0.3711","0.0297","0.3929"
"WEP","03-Nov-2025","21","99.89","97.17","0.16","-0.480","0.00","2.25","0.3711","0.0297","0.3929"
"WEP","03-Nov-2025","22","92.27","90.66","0.14","-1.570","0.00","2.25","0.3711","0.0297","0.3929"
"WEP","03-Nov-2025","23","91.78","90.64","0.13","-2.040","0.00","2.25","0.3711","0.0297","0.3929"
"WEP","03-Nov-2025","24","94.61","92.56","0.13","-1.120","0.00","2.25","0.3711","0.0297","0.3929"
"WEP","03-Nov-2025","25","92.15","90.27","0.13","-1.300","0.00","2.25","0.3711","0.0297","0.3929"
"WEP","03-Nov-2025","26","92.23","89.89","0.14","-0.840","0.00","2.25","0.3711","0.0297","0.3929"
"WEP","03-Nov-2025","27","92.46","90.27","0.12","-0.980","0.00","2.25","0.3711","0.0297","0.3929"
"WEP","03-Nov-2025","28","88.38","86.62","0.12","-1.410","0.00","2.25","0.3711","0.0297","0.3929"
"WEP","03-Nov-2025","29","88.40","86.95","0.11","-1.700","0.00","2.25","0.3711","0.0297","0.3929"
"WEP","03-Nov-2025","30","95.13","92.56","0.11","-0.590","0.00","2.25","0.3711","0.0297","0.3929"
"WEP","03-Nov-2025","31","91.80","89.97","0.11","-1.320","0.00","2.25","0.3711","0.0297","0.3929"
"WEP","03-Nov-2025","32","93.54","91.44","0.17","-1.110","0.00","2.25","0.3711","0.0297","0.3929"
"WEP","03-Nov-2025","33","93.04","91.43","0.12","-1.550","0.00","2.25","0.3711","0.0297","0.3929"
"WEP","03-Nov-2025","34","111.42","109.95","0.20","-1.770","0.00","2.25","0.3711","0.0297","0.3929"
"WEP","03-Nov-2025","35","161.00","159.18","1.05","-2.280","0.00","2.25","0.3711","0.0297","0.3929"
"WEP","03-Nov-2025","36","131.93","129.65","0.44","-1.200","0.00","2.25","0.3711","0.0297","0.3929"
"WEP","03-Nov-2025","37","158.23","155.49","0.71","-1.010","0.00","2.25","0.3711","0.0297","0.3929"
"WEP","03-Nov-2025","38","204.35","201.44","1.02","-1.150","0.00","2.25","0.3711","0.0297","0.3929"
"WEP","03-Nov-2025","39","204.70","201.68","1.11","-1.130","0.00","2.25","0.3711","0.0297","0.3929"
"WEP","03-Nov-2025","40","207.54","205.03","0.85","-1.380","0.00","2.25","0.3711","0.0297","0.3929"
"WEP","03-Nov-2025","41","206.06","203.84","0.65","-1.470","0.00","2.25","0.3711","0.0297","0.3929"
"WEP","03-Nov-2025","42","203.61","201.50","0.63","-1.570","0.00","2.25","0.3711","0.0297","0.3929"
"WEP","03-Nov-2025","43","204.22","201.52","0.67","-1.010","0.00","2.25","0.3711","0.0297","0.3929"
"WEP","03-Nov-2025","44","185.75","183.71","0.53","-1.530","0.00","2.25","0.3711","0.0297","0.3929"
"WEP","03-Nov-2025","45","169.71","166.54","0.43","-0.310","0.00","2.25","0.3711","0.0297","0.3929"
"WEP","03-Nov-2025","46","133.14","129.77","0.24","0.080","0.00","2.25","0.3711","0.0297","0.3929"
"WEP","03-Nov-2025","47","115.27","112.01","0.13","0.080","0.00","2.25","0.3711","0.0297","0.3929"
"WEP","03-Nov-2025","48","106.89","104.27","0.13","-0.560","0.00","2.25","0.3711","0.0297","0.3929"
"WEP","04-Nov-2025","1","103.22","100.45","0.12","-0.390","0.00","2.25","0.3711","0.0294","0.3889"
"WEP","04-Nov-2025","2","87.31","83.96","0.06","0.250","0.00","2.25","0.3711","0.0294","0.3889"
"WEP","04-Nov-2025","3","87.12","83.97","0.05","0.060","0.00","2.25","0.3711","0.0294","0.3889"
"WEP","04-Nov-2025","4","99.52","97.26","0.05","-0.830","0.00","2.25","0.3711","0.0294","0.3889"
"WEP","04-Nov-2025","5","99.77","97.11","0.05","-0.430","0.00","2.25","0.3711","0.0294","0.3889"
"WEP","04-Nov-2025","6","99.69","97.01","0.05","-0.410","0.00","2.25","0.3711","0.0294","0.3889"
"WEP","04-Nov-2025","7","99.32","96.78","0.05","-0.550","0.00","2.25","0.3711","0.0294","0.3889"
"WEP","04-Nov-2025","8","99.56","96.77","0.05","-0.300","0.00","2.25","0.3711","0.0294","0.3889"
"WEP","04-Nov-2025","9","99.47","97.00","0.05","-0.620","0.00","2.25","0.3711","0.0294","0.3889"
"WEP","04-Nov-2025","10","99.76","97.00","0.05","-0.330","0.00","2.25","0.3711","0.0294","0.3889"
"WEP","04-Nov-2025","11","99.71","97.21","0.06","-0.600","0.00","2.25","0.3711","0.0294","0.3889"
"WEP","04-Nov-2025","12","93.32","89.87","0.13","0.280","0.00","2.25","0.3711","0.0294","0.3889"
"WEP","04-Nov-2025","13","92.94","90.08","0.17","-0.350","0.00","2.25","0.3711","0.0294","0.3889"
"WEP","04-Nov-2025","14","113.45","111.26","0.26","-1.110","0.00","2.25","0.3711","0.0294","0.3889"
"WEP","04-Nov-2025","15","116.90","114.44","0.40","-0.980","0.00","2.25","0.3711","0.0294","0.3889"
"WEP","04-Nov-2025","16","132.22","129.66","0.21","-0.690","0.00","2.25","0.3711","0.0294","0.3889"
"WEP","04-Nov-2025","17","111.96","109.86","0.18","-1.120","0.00","2.25","0.3711","0.0294","0.3889"
"WEP","04-Nov-2025","18","132.10","129.66","0.36","-0.960","0.00","2.25","0.3711","0.0294","0.3889"
"WEP","04-Nov-2025","19","115.04","112.01","0.18","-0.190","0.00","2.25","0.3711","0.0294","0.3889"
"WEP","04-Nov-2025","20","114.40","110.68","0.21","0.470","0.00","2.25","0.3711","0.0294","0.3889"
"WEP","04-Nov-2025","21","100.19","97.15","0.12","-0.120","0.00","2.25","0.3711","0.0294","0.3889"
"WEP","04-Nov-2025","22","92.72","90.06","0.12","-0.500","0.00","2.25","0.3711","0.0294","0.3889"
"WEP","04-Nov-2025","23","88.95","86.45","0.11","-0.650","0.00","2.25","0.3711","0.0294","0.3889"
"WEP","04-Nov-2025","24","87.27","84.87","0.11","-0.750","0.00","2.25","0.3711","0.0294","0.3889"
"WEP","04-Nov-2025","25","83.53","81.61","0.12","-1.240","0.00","2.25","0.3711","0.0294","0.3889"
"WEP","04-Nov-2025","26","85.74","84.05","0.12","-1.470","0.00","2.25","0.3711","0.0294","0.3889"
"WEP","04-Nov-2025","27","85.98","84.04","0.12","-1.220","0.00","2.25","0.3711","0.0294","0.3889"
"WEP","04-Nov-2025","28","92.27","89.96","0.12","-0.850","0.00","2.25","0.3711","0.0294","0.3889"
"WEP","04-Nov-2025","29","90.97","90.07","0.11","-2.250","0.00","2.25","0.3711","0.0294","0.3889"
"WEP","04-Nov-2025","30","90.66","90.13","0.10","-2.610","0.00","2.25","0.3711","0.0294","0.3889"
"WEP","04-Nov-2025","31","113.17","112.00","0.16","-2.030","0.00","2.25","0.3711","0.0294","0.3889"
"WEP","04-Nov-2025","32","265.26","266.56","0.61","-4.940","0.00","2.25","0.3711","0.0294","0.3889"
"WEP","04-Nov-2025","33","270.39","268.55","0.38","-1.580","0.00","2.25","0.3711","0.0294","0.3889"
"WEP","04-Nov-2025","34","159.77","157.73","0.42","-1.420","0.00","2.25","0.3711","0.0294","0.3889"
"WEP","04-Nov-2025","35","128.73","127.92","0.59","-2.820","0.00","2.25","0.3711","0.0294","0.3889"
"WEP","04-Nov-2025","36","201.96","201.29","0.63","-3.000","0.00","2.25","0.3711","0.0294","0.3889"
"WEP","04-Nov-2025","37","202.39","201.13","0.54","-2.320","0.00","2.25","0.3711","0.0294","0.3889"
"WEP","04-Nov-2025","38","254.54","253.77","1.09","-3.360","0.00","2.25","0.3711","0.0294","0.3889"
"WEP","04-Nov-2025","39","254.59","253.98","0.82","-3.250","0.00","2.25","0.3711","0.0294","0.3889"
"WEP","04-Nov-2025","40","261.77","262.19","0.80","-4.260","0.00","2.25","0.3711","0.0294","0.3889"
"WEP","04-Nov-2025","41","265.01","265.47","0.64","-4.140","0.00","2.25","0.3711","0.0294","0.3889"
"WEP","04-Nov-2025","42","261.96","262.02","0.65","-3.750","0.00","2.25","0.3711","0.0294","0.3889"
"WEP","04-Nov-2025","43","255.55","254.42","0.65","-2.560","0.00","2.25","0.3711","0.0294","0.3889"
"WEP","04-Nov-2025","44","208.25","207.08","0.30","-2.170","0.00","2.25","0.3711","0.0294","0.3889"
"WEP","04-Nov-2025","45","208.99","206.22","0.31","-0.580","0.00","2.25","0.3711","0.0294","0.3889"
"WEP","04-Nov-2025","46","182.58","179.29","0.28","-0.030","0.00","2.25","0.3711","0.0294","0.3889"
"WEP","04-Nov-2025","47","180.39","177.69","0.29","-0.630","0.00","2.25","0.3711","0.0294","0.3889"
"WEP","04-Nov-2025","48","136.09","132.54","0.12","0.390","0.00","2.25","0.3711","0.0294","0.3889"
"WEP","05-Nov-2025","1","112.53","109.98","0.12","-0.610","0.00","2.25","0.3711","0.0292","0.3866"
"WEP","05-Nov-2025","2","99.28","97.29","0.06","-1.100","0.00","2.25","0.3711","0.0292","0.3866"
"WEP","05-Nov-2025","3","107.98","105.11","0.05","-0.210","0.00","2.25","0.3711","0.0292","0.3866"
"WEP","05-Nov-2025","4","104.44","101.80","0.05","-0.450","0.00","2.25","0.3711","0.0292","0.3866"
"WEP","05-Nov-2025","5","103.09","100.42","0.05","-0.420","0.00","2.25","0.3711","0.0292","0.3866"
"WEP","05-Nov-2025","6","99.83","97.26","0.05","-0.510","0.00","2.25","0.3711","0.0292","0.3866"
"WEP","05-Nov-2025","7","103.01","100.42","0.05","-0.500","0.00","2.25","0.3711","0.0292","0.3866"
"WEP","05-Nov-2025","8","102.84","100.15","0.05","-0.400","0.00","2.25","0.3711","0.0292","0.3866"
"WEP","05-Nov-2025","9","102.85","100.19","0.05","-0.420","0.00","2.25","0.3711","0.0292","0.3866"
"WEP","05-Nov-2025","10","107.01","103.84","0.05","0.080","0.00","2.25","0.3711","0.0292","0.3866"
"WEP","05-Nov-2025","11","110.87","108.16","0.06","-0.390","0.00","2.25","0.3711","0.0292","0.3866"
"WEP","05-Nov-2025","12","124.75","121.80","0.13","-0.220","0.00","2.25","0.3711","0.0292","0.3866"
"WEP","05-Nov-2025","13","122.57","119.58","0.16","-0.210","0.00","2.25","0.3711","0.0292","0.3866"
"WEP","05-Nov-2025","14","126.97","123.81","0.20","-0.070","0.00","2.25","0.3711","0.0292","0.3866"
"WEP","05-Nov-2025","15","115.10","111.68","0.40","-0.020","0.00","2.25","0.3711","0.0292","0.3866"
"WEP","05-Nov-2025","16","132.49","129.74","0.21","-0.500","0.00","2.25","0.3711","0.0292","0.3866"
"WEP","05-Nov-2025","17","115.91","112.68","0.19","0.000","0.00","2.25","0.3711","0.0292","0.3866"
"WEP","05-Nov-2025","18","114.73","111.83","0.26","-0.400","0.00","2.25","0.3711","0.0292","0.3866"
"WEP","05-Nov-2025","19","100.02","97.32","0.15","-0.490","0.00","2.25","0.3711","0.0292","0.3866"
"WEP","05-Nov-2025","20","100.72","97.14","0.21","0.330","0.00","2.25","0.3711","0.0292","0.3866"
"WEP","05-Nov-2025","21","91.63","90.01","0.13","-1.550","0.00","2.25","0.3711","0.0292","0.3866"
"WEP","05-Nov-2025","22","90.33","88.77","0.13","-1.610","0.00","2.25","0.3711","0.0292","0.3866"
"WEP","05-Nov-2025","23","92.80","90.63","0.14","-1.000","0.00","2.25","0.3711","0.0292","0.3866"
"WEP","05-Nov-2025","24","92.36","89.97","0.11","-0.750","0.00","2.25","0.3711","0.0292","0.3866"
"WEP","05-Nov-2025","25","85.94","83.96","0.12","-1.180","0.00","2.25","0.3711","0.0292","0.3866"
"WEP","05-Nov-2025","26","92.36","89.90","0.12","-0.700","0.00","2.25","0.3711","0.0292","0.3866"
"WEP","05-Nov-2025","27","85.50","84.00","0.12","-1.660","0.00","2.25","0.3711","0.0292","0.3866"
"WEP","05-Nov-2025","28","92.31","90.68","0.14","-1.550","0.00","2.25","0.3711","0.0292","0.3866"
"WEP","05-Nov-2025","29","92.65","91.42","0.13","-1.930","0.00","2.25","0.3711","0.0292","0.3866"
"WEP","05-Nov-2025","30","98.26","97.25","0.12","-2.140","0.00","2.25","0.3711","0.0292","0.3866"
"WEP","05-Nov-2025","31","112.14","110.71","0.21","-1.820","0.00","2.25","0.3711","0.0292","0.3866"
"WEP","05-Nov-2025","32","114.43","112.77","0.28","-1.650","0.00","2.25","0.3711","0.0292","0.3866"
"WEP","05-Nov-2025","33","248.02","248.67","0.37","-4.060","0.00","2.25","0.3711","0.0292","0.3866"
"WEP","05-Nov-2025","34","262.09","263.87","0.61","-5.420","0.00","2.25","0.3711","0.0292","0.3866"
"WEP","05-Nov-2025","35","222.82","221.83","1.94","-3.990","0.00","2.25","0.3711","0.0292","0.3866"
"WEP","05-Nov-2025","36","225.62","225.87","0.72","-4.010","0.00","2.25","0.3711","0.0292","0.3866"
"WEP","05-Nov-2025","37","263.44","263.99","0.78","-4.370","0.00","2.25","0.3711","0.0292","0.3866"
"WEP","05-Nov-2025","38","279.35","280.27","1.01","-4.970","0.00","2.25","0.3711","0.0292","0.3866"
"WEP","05-Nov-2025","39","289.10","289.31","0.85","-4.150","0.05","2.25","0.3711","0.0292","0.3866"
"WEP","05-Nov-2025","40","304.98","304.90","0.80","-3.750","0.00","2.25","0.3711","0.0292","0.3866"
"WEP","05-Nov-2025","41","305.49","304.97","0.66","-3.170","0.00","2.25","0.3711","0.0292","0.3866"
"WEP","05-Nov-2025","42","303.51","303.52","0.65","-3.700","0.00","2.25","0.3711","0.0292","0.3866"
"WEP","05-Nov-2025","43","306.75","305.02","0.67","-1.980","0.00","2.25","0.3711","0.0292","0.3866"
"WEP","05-Nov-2025","44","281.32","280.30","0.44","-2.460","0.00","2.25","0.3711","0.0292","0.3866"
"WEP","05-Nov-2025","45","281.10","278.61","0.56","-1.560","0.46","2.25","0.3711","0.0292","0.3866"
"WEP","05-Nov-2025","46","255.93","253.76","0.41","-1.280","0.00","2.25","0.3711","0.0292","0.3866"
"WEP","05-Nov-2025","47","209.99","208.18","0.29","-1.520","0.00","2.25","0.3711","0.0292","0.3866"
"WEP","05-Nov-2025","48","207.69","205.24","0.12","-0.700","0.00","2.25","0.3711","0.0292","0.3866"
